Domain,Status,Attractiveness,Demand,Length,Sectors,Created,Expires,Registrar
one.quest,available,132,44%,3,"Business,General,Media,Technology",,,
brief.quest,available,124,19%,5,"Business,Education,General,Law",,,
complete.quest,available,120,21%,8,"Manufacturing,Retail,Technology",,,
tenth.quest,available,116,7%,5,Mathematics,,,
flat.quest,available,116,24%,4,"Construction,Real Estate",,,
hotshot.quest,available,112,14%,7,"Business,Entertainment,Sports",,,
acute.quest,available,112,9%,5,"Mathematics,Medicine,Science",,,
abstract.quest,resell,108,29%,8,"Arts,Humanities,Science",19/12/2024 12:41,19/12/2025 23:59,"Porkbun, LLC"
abiding.quest,available,106,5%,7,"General,Religion",,,
expert.quest,available,104,26%,6,"Business,Education,Technology",,,
active.quest,available,104,27%,6,"Health and Fitness,Sports,Travel",,,
teen.quest,available,104,14%,4,"Education,Entertainment,Healthcare",,,
eight.quest,available,102,23%,5,"General,Mathematics",,,
extra.quest,resell,102,26%,5,"Fashion,Retail,Technology",02/12/2024 10:28,02/12/2025 23:59,"Spaceship, Inc."
captive.quest,available,102,14%,7,"Entertainment,Hospitality,Technology",,,
abrupt.quest,available,100,3%,6,"Medicine,Science",,,
eighth.quest,available,100,6%,6,Mathematics,,,
remove.quest,available,100,13%,6,"Construction,Manufacturing,Technology",,,
whiz.quest,available,100,12%,4,"Business,Education,Technology",,,
adjunct.quest,available,100,5%,7,Education,,,
crack.quest,available,100,20%,5,Sports,,,
whizz.quest,available,98,11%,5,"Business,Education,Technology",,,
doable.quest,available,96,9%,6,"Business,Education,Technology",,,
academic.quest,available,96,20%,8,"Education,Humanities,Science",,,
forgiving.quest,available,96,3%,9,"Healthcare,Religion",,,
alamode.quest,available,96,12%,9,Fashion,,,
adequate.quest,available,94,9%,8,"Education,Healthcare,Technology",,,
about.quest,available,94,28%,5,"Business,General,Media,Technology",,,
abject.quest,available,94,7%,6,Humanities,,,
virtuoso.quest,available,94,16%,8,"Arts,Entertainment",,,
nought.quest,available,92,4%,6,Mathematics,,,
neutral.quest,available,92,20%,7,"Business,Media,Politics",,,
adjective.quest,available,92,5%,9,Education,,,
abroad.quest,available,92,12%,6,"Hospitality,Travel",,,
twentieth.quest,available,92,3%,9,Mathematics,,,
adept.quest,available,92,24%,5,"Education,Health and Fitness,Sports",,,
exemplary.quest,available,92,5%,9,"Business,Education,Healthcare",,,
derelict.quest,available,92,7%,8,"Construction,Real Estate",,,
next.quest,available,92,43%,4,"Retail,Technology,Transportation",,,
abortive.quest,available,90,1%,8,"Medicine,Science",,,
addictive.quest,available,90,9%,9,Healthcare,,,
riveting.quest,available,90,6%,8,"Entertainment,Media,Technology",,,
endearing.quest,available,90,1%,9,"Entertainment,Fashion,Retail",,,
additional.quest,available,90,8%,10,"Fashion,Retail,Technology",,,
adoring.quest,available,90,2%,7,"Entertainment,Fashion,Retail",,,
leash.quest,available,90,7%,5,"General,Health and Fitness,Retail",,,
gripping.quest,available,90,3%,8,"Entertainment,Media,Technology",,,
clear.quest,available,90,47%,5,"Manufacturing,Retail,Technology",,,
ten.quest,available,88,28%,3,"General,Mathematics",,,
twelve.quest,available,88,18%,6,"General,Mathematics",,,
proficient.quest,available,88,8%,10,"Education,Health and Fitness,Sports",,,
sixteen.quest,available,88,11%,7,Mathematics,,,
fifteen.quest,expired,88,13%,7,Mathematics,13/07/2024 10:57,13/07/2025 23:59,"Go Daddy, LLC"
hundred.quest,available,88,14%,7,Mathematics,,,
actionable.quest,available,88,13%,10,"Business,Law",,,
activist.quest,available,88,12%,8,"Humanities,Politics",,,
ace.quest,available,88,34%,3,Sports,,,
three.quest,available,88,24%,5,Mathematics,,,
eleven.quest,available,88,33%,6,Mathematics,,,
adlib.quest,available,88,7%,6,Entertainment,,,
xix.quest,available,86,11%,3,Mathematics,,,
aboriginal.quest,available,86,10%,10,Humanities,,,
recondite.quest,available,86,4%,9,"Arts,Humanities,Science",,,
adolescent.quest,available,86,3%,10,"Education,Entertainment,Healthcare",,,
extempore.quest,available,86,3%,9,Entertainment,,,
cipher.quest,expiring,86,29%,6,Mathematics,23/08/2021 10:44,23/08/2025 23:59,Namecheap
attendant.quest,available,86,5%,9,"Healthcare,Hospitality,Transportation",,,
engrossing.quest,available,86,0%,10,"Entertainment,Media,Technology",,,
sharp.quest,available,84,34%,5,"Arts,Fashion",,,
seventeen.quest,available,84,7%,9,Mathematics,,,
nineteen.quest,available,84,8%,8,Mathematics,,,
accessory.quest,available,84,8%,9,"Fashion,Retail,Technology",,,
thousand.quest,available,84,8%,8,Mathematics,,,
twentyone.quest,available,84,13%,10,Mathematics,,,
thirteen.quest,available,84,10%,8,Mathematics,,,
twentytwo.quest,available,84,11%,10,Mathematics,,,
fourteen.quest,available,84,8%,8,Mathematics,,,
adjustable.quest,available,84,3%,10,"Manufacturing,Retail,Technology",,,
deviate.quest,available,84,12%,7,"Medicine,Science",,,
enduring.quest,available,82,9%,8,"Health and Fitness,Religion",,,
absorbent.quest,available,82,3%,9,"Healthcare,Manufacturing,Retail",,,
abdominal.quest,available,82,1%,9,"Health and Fitness,Medicine",,,
good.quest,available,82,47%,4,"Food and Beverage,General,Health and Fitness,Retail",,,
abenaki.quest,available,82,2%,7,Geography,,,
abkhaz.quest,available,82,1%,6,Geography,,,
abroach.quest,available,82,1%,7,Food and Beverage,,,
altered.quest,available,82,9%,7,"Medicine,Science",,,
fivesome.quest,available,82,1%,8,Sports,,,
cleansing.quest,available,82,3%,9,Health and Fitness,,,
nine.quest,available,80,24%,4,"General,Mathematics",,,
forty.quest,available,80,9%,5,Mathematics,,,
abundant.quest,available,80,19%,8,"Agriculture,Manufacturing,Retail",,,
adoptable.quest,available,80,3%,9,"Education,Healthcare",,,
twenty.quest,available,80,12%,6,Mathematics,,,
able.quest,available,80,29%,4,"Business,Education,General,Technology",,,
absolute.quest,available,80,25%,8,"Engineering,Mathematics,Science",,,
trio.quest,available,80,21%,4,Entertainment,,,
dorsal.quest,available,80,6%,6,"Medicine,Science",,,
superstar.quest,available,80,18%,9,Entertainment,,,
some.quest,resell,80,32%,4,"Business,Media,Retail",16/02/2025 15:09,16/02/2026 23:59,"Spaceship, Inc."
absorbable.quest,available,80,0%,10,"Healthcare,Pharmaceuticals,Science",,,
first.quest,available,80,36%,5,"General,Mathematics",,,
sequent.quest,available,80,7%,7,"Healthcare,Insurance,Transportation",,,
two.quest,available,80,24%,3,Mathematics,,,
worshipful.quest,available,80,1%,10,"Education,Healthcare,Religion",,,
yard.quest,available,80,26%,4,"Construction,General",,,
capable.quest,available,80,12%,7,"Business,Education,Technology",,,
absorptive.quest,available,78,1%,10,"Healthcare,Manufacturing,Retail",,,
adorable.quest,expiring,78,8%,8,"Entertainment,Fashion,Retail",21/08/2023 23:43,21/08/2025 23:59,"Porkbun, LLC"
sixtynine.quest,available,78,8%,10,Mathematics,,,
accepted.quest,available,78,6%,8,"Business,Education,Technology",,,
accessible.quest,available,78,21%,10,"Healthcare,Retail,Technology",,,
adjacent.quest,available,78,9%,8,"Construction,Real Estate,Retail",,,
twentysix.quest,available,78,8%,10,Mathematics,,,
abounding.quest,available,78,2%,9,Agriculture,,,
acceptant.quest,available,78,1%,9,"Education,Healthcare",,,
abkhazian.quest,available,78,1%,9,Geography,,,
dormant.quest,available,78,4%,7,"Medicine,Science",,,
accidental.quest,available,78,11%,10,"Healthcare,Insurance,Transportation",,,
acceptable.quest,available,78,5%,10,"Business,Hospitality,Retail",,,
accurate.quest,available,78,16%,8,"Engineering,Mathematics,Science",,,
abkhasian.quest,available,78,1%,9,Geography,,,
adrenal.quest,available,78,4%,7,"Education,Healthcare,Science",,,
honestly.quest,available,78,9%,8,"Business,Law",,,
recognised.quest,available,78,3%,10,"Business,Education,Technology",,,
recognized.quest,available,78,3%,10,"Business,Education,Technology",,,
diamond.quest,available,76,32%,7,Fashion,,,
thirteenth.quest,available,76,4%,10,Mathematics,,,
improvise.quest,available,76,4%,9,Entertainment,,,
ventral.quest,available,76,3%,7,Science,,,
adhesive.quest,available,76,7%,8,"Construction,Manufacturing,Technology",,,
addable.quest,available,76,2%,7,"Engineering,Mathematics,Science",,,
firstrate.quest,available,76,6%,10,Business,,,
abrasive.quest,available,76,6%,8,"Construction,Manufacturing",,,
thousandth.quest,available,76,1%,10,Mathematics,,,
nineteenth.quest,available,76,3%,10,Mathematics,,,
ancillary.quest,available,76,6%,9,"Healthcare,Manufacturing,Technology",,,
threed.quest,available,76,7%,7,Technology,,,
adaptable.quest,available,76,9%,9,"Business,Education,Technology",,,
incidental.quest,available,76,4%,10,"Healthcare,Insurance,Transportation",,,
adipose.quest,available,76,2%,7,"Healthcare,Science",,,
acoustic.quest,available,76,14%,8,Science,,,
resultant.quest,available,76,2%,9,"Healthcare,Insurance,Transportation",,,
adherent.quest,available,76,4%,8,"Politics,Religion",,,
ague.quest,available,76,2%,4,"Geography,Medicine,Science",,,
energizing.quest,available,76,3%,10,"Food and Beverage,Health and Fitness,Travel",,,
hundredth.quest,available,76,1%,9,Mathematics,,,
obscene.quest,available,76,5%,7,"Entertainment,Media",,,
adaptive.quest,available,76,28%,8,"Business,Education,Technology",,,
fifteenth.quest,available,76,2%,9,Mathematics,,,
auxiliary.quest,available,76,7%,9,"Healthcare,Manufacturing,Technology",,,
fourteenth.quest,available,76,1%,10,Mathematics,,,
eighteen.quest,available,76,7%,8,Mathematics,,,
adamant.quest,available,74,14%,7,Religion,,,
acuate.quest,available,74,2%,6,"Engineering,Medicine,Science",,,
aberrant.quest,available,74,6%,8,"Medicine,Science",,,
admirable.quest,available,74,5%,9,"Business,Education,Healthcare",,,
cleared.quest,available,74,7%,7,"Healthcare,Law,Transportation",,,
accepting.quest,available,74,3%,9,"Education,Healthcare",,,
abnormal.quest,available,74,16%,8,"Medicine,Science",,,
manageable.quest,available,74,4%,10,"Business,Education,Technology",,,
adrenergic.quest,available,74,1%,10,"Education,Healthcare,Science",,,
realizable.quest,available,74,1%,10,"Business,Education,Technology",,,
mavin.quest,available,74,7%,5,"Entertainment,Fashion,Technology",,,
achievable.quest,available,74,4%,10,"Business,Education,Technology",,,
supra.quest,resell,74,25%,5,"Medicine,Science",13/02/2025 09:26,13/02/2026 23:59,"Spaceship, Inc."
single.quest,available,74,19%,6,Sports,,,
broad.quest,resell,74,13%,5,"Entertainment,General,Media",02/06/2025 03:35,02/06/2026 23:59,"Spaceship, Inc."
adenoid.quest,available,74,1%,7,"Health and Fitness,Medicine,Science",,,
sensation.quest,available,74,7%,9,"Entertainment,Media,Sports",,,
adapted.quest,available,74,6%,7,"Healthcare,Manufacturing,Technology",,,
activated.quest,available,74,9%,9,"Healthcare,Manufacturing,Technology",,,
skilful.quest,available,74,3%,7,"Education,Health and Fitness,Sports",,,
adjunctive.quest,available,72,1%,10,"Healthcare,Manufacturing,Technology",,,
sixtieth.quest,available,72,1%,8,Mathematics,,,
ninetieth.quest,available,72,1%,9,Mathematics,,,
trinity.quest,available,72,18%,7,Religion,,,
absorbed.quest,available,72,2%,8,"Entertainment,Media,Technology",,,
ternary.quest,available,72,7%,7,Mathematics,,,
accusative.quest,available,72,0%,10,"Humanities,Law",,,
ablaze.quest,available,72,6%,6,Entertainment,,,
adiabatic.quest,available,72,3%,9,"Engineering,Science",,,
addicted.quest,available,72,9%,8,Healthcare,,,
seventieth.quest,available,72,1%,10,Mathematics,,,
existent.quest,available,72,3%,8,"Mathematics,Science",,,
lovely.quest,resell,72,26%,6,"Entertainment,Fashion,Retail",03/03/2025 15:24,03/03/2026 23:59,"Spaceship, Inc."
aching.quest,available,72,4%,6,Healthcare,,,
absolutist.quest,available,72,1%,10,"Humanities,Law,Politics",,,
eightieth.quest,available,72,1%,9,Mathematics,,,
adaptative.quest,available,72,1%,10,"Business,Education,Technology",,,
trey.quest,available,72,14%,4,Sports,,,
abreast.quest,available,72,2%,7,"Business,Technology",,,
engrossed.quest,available,72,1%,9,"Entertainment,Media,Technology",,,
adjectival.quest,available,72,1%,10,Education,,,
improvize.quest,available,72,1%,9,Entertainment,,,
accustomed.quest,available,72,1%,10,"Business,Education,Humanities",,,
adonic.quest,available,72,2%,6,"Arts,Education,Entertainment",,,
abloom.quest,available,72,5%,6,Agriculture,,,
champion.quest,available,72,28%,8,"Entertainment,Health and Fitness,Sports",,,
consequent.quest,available,70,3%,10,"Business,Education,General,Technology",,,
adjusted.quest,available,70,5%,8,"Manufacturing,Retail,Technology",,,
skillful.quest,available,70,9%,8,"Education,Health and Fitness,Sports",,,
accumbent.quest,available,70,1%,9,"Healthcare,Medicine,Science",,,
lowdown.quest,available,70,6%,8,"Entertainment,Media",,,
offhand.quest,available,70,2%,7,Entertainment,,,
admired.quest,available,70,5%,7,"Business,Education,Healthcare",,,
gymnastic.quest,available,70,3%,9,"Entertainment,Sports",,,
stillborn.quest,available,70,2%,9,"Medicine,Science",,,
abulic.quest,available,70,1%,6,Medicine,,,
practiced.quest,available,70,3%,9,"Education,Health and Fitness,Sports",,,
abradant.quest,available,70,1%,8,"Construction,Manufacturing",,,
tiptop.quest,available,70,24%,6,Fashion,,,
adored.quest,available,70,6%,6,"Entertainment,Fashion,Retail",,,
adamantine.quest,available,70,4%,10,Religion,,,
acuminate.quest,available,70,1%,9,"Engineering,Medicine,Science",,,
miserable.quest,available,70,4%,9,Humanities,,,
absorbing.quest,available,70,3%,9,"Entertainment,Media,Technology",,,
octonary.quest,available,68,1%,8,Mathematics,,,
decorated.quest,available,68,3%,9,"Entertainment,Fashion,Retail",,,
activating.quest,available,68,3%,10,"Healthcare,Manufacturing,Technology",,,
aculeate.quest,available,68,1%,8,"Engineering,Medicine,Science",,,
fiftieth.quest,available,68,0%,8,Mathematics,,,
thirtieth.quest,available,68,1%,9,Mathematics,,,
aberdonian.quest,available,68,1%,10,Geography,,,
sevener.quest,available,68,1%,7,Mathematics,,,
stygian.quest,available,68,5%,7,Humanities,,,
foursome.quest,available,68,4%,8,Sports,,,
licensed.quest,available,68,5%,8,"Business,Healthcare,Insurance",,,
abkhas.quest,available,68,0%,6,Geography,,,
vindicated.quest,available,68,2%,10,"Humanities,Law,Politics",,,
ennead.quest,available,68,5%,6,Mathematics,,,
achaian.quest,available,68,2%,7,Humanities,,,
acerate.quest,available,68,1%,7,Science,,,
aroused.quest,available,68,3%,7,"Entertainment,Health and Fitness",,,
ablative.quest,available,68,3%,8,Science,,,
scurvy.quest,available,68,3%,6,Humanities,,,
threesome.quest,available,68,5%,9,Entertainment,,,
fortieth.quest,available,68,0%,8,Mathematics,,,
septenary.quest,available,68,1%,9,Mathematics,,,
abducent.quest,available,68,0%,8,Medicine,,,
licenced.quest,available,68,2%,8,"Business,Healthcare,Insurance",,,
abnaki.quest,available,68,1%,6,Geography,,,
achaean.quest,available,68,2%,7,Humanities,,,
overseas.quest,available,68,12%,8,"Hospitality,Travel",,,
accredited.quest,available,68,9%,10,"Business,Education,Healthcare",,,
xxii.quest,available,66,6%,4,Mathematics,,,
exonerated.quest,available,66,2%,10,"Humanities,Law,Politics",,,
accessary.quest,available,66,1%,9,"Business,Law,Technology",,,
five.quest,available,66,26%,4,Mathematics,,,
onec.quest,available,66,6%,5,Mathematics,,,
century.quest,available,66,17%,7,Education,,,
xvi.quest,available,66,5%,3,Mathematics,,,
four.quest,available,66,27%,4,Mathematics,,,
six.quest,available,66,26%,3,Mathematics,,,
xxvi.quest,available,66,3%,4,Mathematics,,,
clv.quest,available,66,10%,3,Mathematics,,,
maven.quest,available,66,30%,5,"Entertainment,Fashion,Technology",,,
xviii.quest,available,66,5%,5,Mathematics,,,
teenager.quest,available,66,4%,8,"Education,Entertainment,Healthcare",,,
deuce.quest,available,66,9%,5,Sports,,,
ninety.quest,available,66,11%,6,Mathematics,,,
acervate.quest,available,66,1%,8,Science,,,
adorned.quest,available,66,5%,7,"Entertainment,Fashion,Retail",,,
performing.quest,available,66,6%,10,Entertainment,,,
modish.quest,available,66,5%,6,Fashion,,,
tenner.quest,available,66,5%,6,Finance,,,
fifty.quest,available,66,12%,5,Mathematics,,,
thirty.quest,available,66,8%,6,Mathematics,,,
xvii.quest,available,66,5%,4,Mathematics,,,
xii.quest,available,66,10%,3,Mathematics,,,
eighty.quest,available,66,6%,6,Mathematics,,,
xxv.quest,available,66,6%,3,Mathematics,,,
acrobatic.quest,available,66,4%,9,"Entertainment,Sports",,,
acappella.quest,available,66,6%,10,Entertainment,,,
sextet.quest,available,66,1%,6,Entertainment,,,
latest.quest,available,66,18%,6,Technology,,,
xiii.quest,available,66,9%,4,Mathematics,,,
abstinent.quest,available,66,1%,9,"Health and Fitness,Religion",,,
adopted.quest,available,66,4%,7,"Education,Healthcare",,,
absolved.quest,available,64,1%,8,"Humanities,Law,Religion",,,
rising.quest,available,64,18%,6,"Construction,Manufacturing,Real Estate",,,
acentric.quest,available,64,2%,8,Science,,,
astringent.quest,available,64,1%,10,"Healthcare,Pharmaceuticals",,,
scatty.quest,available,64,1%,6,"Arts,Entertainment,Media",,,
accordant.quest,available,64,3%,9,"Arts,Entertainment",,,
adagio.quest,available,64,14%,6,Entertainment,,,
deviant.quest,available,64,12%,7,"Medicine,Science",,,
aflame.quest,available,64,3%,6,Entertainment,,,
nondrinker.quest,available,64,1%,10,"Health and Fitness,Religion",,,
accrued.quest,available,62,2%,7,"Banking,Finance,Insurance",,,
accusing.quest,available,62,1%,8,Law,,,
aufait.quest,available,62,3%,7,"Fashion,Media",,,
cumulative.quest,available,62,2%,10,"Banking,Finance,Insurance",,,
abo.quest,available,62,15%,3,Science,,,
wrapped.quest,available,62,13%,7,"Fashion,Hospitality,Retail",,,
activation.quest,available,62,16%,10,"Healthcare,Manufacturing,Technology",,,
exculpated.quest,available,62,1%,10,"Humanities,Law,Politics",,,
aborigine.quest,available,62,1%,9,Humanities,,,
longdozen.quest,available,62,2%,10,Mathematics,,,
quartet.quest,available,62,7%,7,"Arts,Entertainment",,,
fortyfour.quest,available,62,6%,10,Mathematics,,,
pungent.quest,available,62,1%,7,Food and Beverage,,,
roughly.quest,available,62,3%,7,"Business,Media,Technology",,,
nail.quest,available,62,16%,4,"Construction,Fashion,General,Retail",,,
twodozen.quest,available,62,1%,9,Mathematics,,,
troika.quest,available,62,8%,6,Politics,,,
eighteenth.quest,available,62,1%,10,Mathematics,,,
admissible.quest,available,62,1%,10,"Education,Healthcare,Law",,,
adjuvant.quest,available,62,5%,8,"Healthcare,Manufacturing,Technology",,,
activistic.quest,available,62,1%,10,"Humanities,Politics",,,
adoptive.quest,available,62,1%,8,"Education,Healthcare",,,
playacting.quest,available,62,1%,10,Entertainment,,,
sixteenth.quest,available,62,1%,9,Mathematics,,,
ensuant.quest,available,62,1%,7,"Healthcare,Insurance,Transportation",,,
acidic.quest,available,62,5%,6,"Food and Beverage,Science",,,
orso.quest,available,62,9%,5,"Business,Media,Technology",,,
eleventh.quest,available,62,5%,8,Mathematics,,,
chiliad.quest,available,62,2%,7,Mathematics,,,
clxxv.quest,available,60,1%,5,Mathematics,,,
cxx.quest,available,60,10%,3,Mathematics,,,
adnexal.quest,available,60,1%,7,"Agriculture,Manufacturing,Retail",,,
clxxx.quest,available,60,1%,5,Mathematics,,,
xcl.quest,available,60,5%,3,Mathematics,,,
paunchy.quest,available,60,0%,7,"Health and Fitness,Medicine",,,
cautionary.quest,available,60,1%,10,"Business,Education,Healthcare",,,
clxv.quest,available,60,1%,4,Mathematics,,,
cxl.quest,available,60,7%,3,Mathematics,,,
cxxxv.quest,available,60,2%,5,Mathematics,,,
adnate.quest,available,60,1%,6,"Agriculture,Manufacturing,Retail",,,
cxv.quest,available,60,4%,3,Mathematics,,,
tertiary.quest,available,60,4%,8,Education,,,
clxx.quest,available,60,3%,4,Mathematics,,,
sixty.quest,available,60,13%,5,Mathematics,,,
abashed.quest,available,60,1%,7,Humanities,,,
clx.quest,available,60,10%,3,Mathematics,,,
cxxx.quest,available,60,4%,4,Mathematics,,,
aboveboard.quest,available,60,5%,10,"Business,Law",,,
octet.quest,available,60,12%,5,Arts,,,
idolized.quest,available,60,3%,8,"Entertainment,Fashion,Retail",,,
cxlv.quest,available,60,2%,4,Mathematics,,,
annexal.quest,available,60,1%,7,"Agriculture,Manufacturing,Retail",,,
thou.quest,available,60,7%,4,Mathematics,,,
acceptive.quest,available,60,1%,9,"Education,Healthcare",,,
abstainer.quest,available,60,0%,9,"Health and Fitness,Religion",,,
cxxv.quest,available,60,1%,4,Mathematics,,,
idolised.quest,available,60,1%,8,"Entertainment,Fashion,Retail",,,
abstemious.quest,available,60,0%,10,"Food and Beverage,Health and Fitness,Hospitality",,,
eightysix.quest,available,60,7%,10,Mathematics,,,
tercet.quest,available,59,2%,6,"Arts,Entertainment,Media",,,
heptad.quest,available,58,1%,6,Mathematics,,,
accoutred.quest,available,58,1%,9,"Fashion,Manufacturing,Retail",,,
acetic.quest,available,58,1%,6,"Food and Beverage,Science",,,
accretive.quest,available,58,6%,9,"Banking,Finance,Insurance",,,
aucourant.quest,available,58,3%,10,"Fashion,Media",,,
offhanded.quest,available,58,1%,9,Entertainment,,,
lxxx.quest,available,58,2%,4,Mathematics,,,
seven.quest,available,58,36%,5,Mathematics,,,
lxxviii.quest,available,58,1%,7,Mathematics,,,
addible.quest,available,58,2%,7,"Engineering,Mathematics,Science",,,
adjustive.quest,available,58,1%,9,"Manufacturing,Retail,Technology",,,
alacarte.quest,available,58,11%,10,Food and Beverage,,,
quintet.quest,available,58,8%,7,"Arts,Entertainment",,,
adient.quest,available,58,4%,6,"Medicine,Science",,,
justabout.quest,available,58,3%,10,"Business,Media,Technology",,,
centesimal.quest,available,58,1%,10,Mathematics,,,
sextuplet.quest,available,58,1%,9,Healthcare,,,
fourth.quest,available,58,13%,6,Mathematics,,,
enwrapped.quest,available,58,0%,9,"Entertainment,Fashion,Media",,,
sixtyone.quest,available,58,3%,9,Mathematics,,,
seventy.quest,available,58,7%,7,Mathematics,,,
accented.quest,available,58,3%,8,"Arts,Entertainment",,,
niner.quest,available,58,5%,5,Mathematics,,,
sixer.quest,available,58,5%,5,Sports,,,
abused.quest,available,58,5%,6,"Healthcare,Law",,,
addressed.quest,available,58,3%,9,"Business,Technology,Telecommunications",,,
abridged.quest,available,58,4%,8,Media,,,
twelfth.quest,available,58,2%,7,Mathematics,,,
ache.quest,available,58,7%,4,Healthcare,,,
tetrad.quest,available,58,5%,6,Mathematics,,,
abuzz.quest,available,58,5%,5,"Entertainment,Media,Technology",,,
fourscore.quest,available,58,4%,9,Mathematics,,,
linear.quest,available,58,22%,6,"Engineering,Mathematics,Science",,,
closeto.quest,available,58,3%,8,"Business,Media,Technology",,,
octad.quest,available,58,5%,5,Mathematics,,,
hexad.quest,available,58,4%,5,Mathematics,,,
acyclic.quest,available,58,4%,7,"Engineering,Mathematics,Science",,,
pentad.quest,available,58,2%,6,Mathematics,,,
cypher.quest,resell,58,29%,6,Mathematics,05/03/2025 10:28,05/03/2026 23:59,"Spaceship, Inc."
actuarial.quest,available,58,8%,9,"Finance,Insurance,Mathematics",,,
fifth.quest,available,58,12%,5,Mathematics,,,
eighter.quest,available,58,2%,7,Mathematics,,,
xlv.quest,available,56,6%,3,Mathematics,,,
fiftytwo.quest,available,56,6%,9,Mathematics,,,
accoutered.quest,available,56,0%,10,"Fashion,Manufacturing,Retail",,,
fortynine.quest,available,56,3%,10,Mathematics,,,
xxxiv.quest,available,56,1%,5,Mathematics,,,
admissive.quest,available,56,1%,9,"Education,Healthcare,Hospitality",,,
fortytwo.quest,available,56,17%,9,Mathematics,,,
xlvi.quest,available,56,3%,4,Mathematics,,,
xli.quest,available,56,5%,3,Mathematics,,,
xxiv.quest,available,56,5%,4,Mathematics,,,
appressed.quest,available,56,0%,9,"Agriculture,Manufacturing,Retail",,,
xxxii.quest,available,56,1%,5,Mathematics,,,
abeyant.quest,available,56,1%,7,"Business,Law",,,
xliii.quest,available,56,1%,5,Mathematics,,,
lviii.quest,available,56,1%,5,Mathematics,,,
ilx.quest,available,56,5%,3,Mathematics,,,
xxviii.quest,available,56,1%,6,Mathematics,,,
lvi.quest,available,56,8%,3,Mathematics,,,
fiftynine.quest,available,56,4%,10,Mathematics,,,
xlviii.quest,available,56,1%,6,Mathematics,,,
fortyone.quest,available,56,4%,9,Mathematics,,,
triad.quest,available,56,15%,5,Arts,,,
thirtysix.quest,available,56,5%,10,Mathematics,,,
xxxviii.quest,available,56,1%,7,Mathematics,,,
xxiii.quest,available,56,5%,5,Mathematics,,,
liii.quest,available,56,4%,4,Mathematics,,,
maledict.quest,available,56,1%,8,Religion,,,
xlii.quest,available,56,5%,4,Mathematics,,,
xxxi.quest,available,56,9%,4,Mathematics,,,
abdominous.quest,available,56,0%,10,"Health and Fitness,Medicine",,,
lvii.quest,available,56,1%,4,Mathematics,,,
xlvii.quest,available,56,2%,5,Mathematics,,,
fiftysix.quest,available,56,4%,9,Mathematics,,,
xliv.quest,available,56,2%,4,Mathematics,,,
admittible.quest,available,56,1%,10,"Education,Healthcare,Hospitality",,,
fortysix.quest,available,56,3%,9,Mathematics,,,
xxix.quest,available,56,4%,4,Mathematics,,,
potbellied.quest,available,56,0%,10,"Health and Fitness,Medicine",,,
fiftyfour.quest,available,56,3%,10,Mathematics,,,
admittable.quest,available,56,1%,10,"Education,Healthcare,Hospitality",,,
halfdozen.quest,available,56,1%,10,Mathematics,,,
addled.quest,available,56,2%,6,Entertainment,,,
thirtytwo.quest,available,56,5%,10,Mathematics,,,
xxxv.quest,available,56,4%,4,Mathematics,,,
aone.quest,available,56,15%,5,Food and Beverage,,,
fiftyfive.quest,available,56,7%,10,Mathematics,,,
xxvii.quest,available,56,3%,5,Mathematics,,,
thirtyone.quest,available,56,5%,10,Mathematics,,,
xxxiii.quest,available,56,2%,6,Mathematics,,,
xxxvi.quest,available,56,1%,5,Mathematics,,,
terzetto.quest,available,56,3%,8,Arts,,,
fiftyone.quest,available,56,7%,9,Mathematics,,,
xxxvii.quest,available,56,2%,6,Mathematics,,,
accentual.quest,available,54,3%,9,"Arts,Entertainment",,,
adaxial.quest,available,54,2%,7,Science,,,
quadruplet.quest,available,54,1%,10,"Healthcare,Medicine,Science",,,
admonitory.quest,available,54,0%,10,"Business,Education,Healthcare",,,
quintuplet.quest,available,54,1%,10,"Healthcare,Medicine,Science",,,
quaternity.quest,available,54,4%,10,Mathematics,,,
abducens.quest,available,54,1%,8,Medicine,,,
abatable.quest,available,54,1%,8,Law,,,
accursed.quest,available,54,3%,8,"Entertainment,Media,Religion",,,
unnatural.quest,available,54,4%,9,"Medicine,Science",,,
abatic.quest,available,54,1%,6,Science,,,
monitory.quest,available,54,3%,8,"Business,Education,Healthcare",,,
deserted.quest,available,54,3%,8,"Hospitality,Real Estate",,,
deuceace.quest,available,54,2%,9,Sports,,,
achy.quest,available,54,3%,4,Healthcare,,,
abasic.quest,available,54,1%,6,Science,,,
actuated.quest,available,54,2%,8,"Automotive,Manufacturing,Technology",,,
sise.quest,available,54,5%,4,Mathematics,,,
acoustical.quest,available,54,4%,10,Science,,,
adjuratory.quest,available,54,0%,10,"Law,Politics,Religion",,,
abhorrent.quest,available,54,1%,9,Humanities,,,
ternion.quest,available,54,3%,7,Mathematics,,,
abaxial.quest,available,54,1%,7,Science,,,
scratchy.quest,available,54,3%,8,Fashion,,,
adducent.quest,available,54,1%,8,"Engineering,Mathematics,Science",,,
abient.quest,available,54,1%,6,Science,,,
twoscore.quest,available,54,2%,8,Mathematics,,,
adductive.quest,available,54,0%,9,"Engineering,Mathematics,Science",,,
adpressed.quest,available,54,0%,9,"Agriculture,Manufacturing,Retail",,,
quaternion.quest,available,54,6%,10,Mathematics,,,
quatern.quest,available,54,2%,7,Mathematics,,,
fortyfive.quest,available,54,4%,10,Mathematics,,,
adducting.quest,available,54,1%,9,"Engineering,Mathematics,Science",,,
iii.quest,available,54,24%,3,Mathematics,,,
topnotch.quest,resell,54,18%,8,Business,27/02/2025 12:56,27/02/2026 23:59,"Spaceship, Inc."
threescore.quest,available,54,1%,10,Mathematics,,,
viii.quest,available,54,6%,4,Mathematics,,,
achromatic.quest,available,54,4%,10,Science,,,
aboral.quest,available,54,2%,6,Science,,,
sestet.quest,available,53,1%,6,Arts,,,
septet.quest,available,53,1%,6,General,,,
eightytwo.quest,available,52,4%,10,Mathematics,,,
lxi.quest,available,52,5%,3,Mathematics,,,
xciii.quest,available,52,1%,5,Mathematics,,,
lxiii.quest,available,52,2%,5,Mathematics,,,
lxii.quest,available,52,1%,4,Mathematics,,,
sixtyfive.quest,available,52,3%,10,Mathematics,,,
abominable.quest,available,52,2%,10,"Entertainment,Humanities",,,
lxxxvi.quest,available,52,1%,6,Mathematics,,,
chagrined.quest,available,52,1%,9,Humanities,,,
tierce.quest,available,52,3%,6,General,,,
lxxxiii.quest,available,52,1%,7,Mathematics,,,
ixl.quest,available,52,9%,3,Mathematics,,,
lxxii.quest,available,52,1%,5,Mathematics,,,
sixtytwo.quest,available,52,3%,9,Mathematics,,,
lxxxv.quest,available,52,1%,5,Mathematics,,,
xcii.quest,available,52,2%,4,Mathematics,,,
lxvi.quest,available,52,3%,4,Mathematics,,,
ninetyone.quest,available,52,5%,10,Mathematics,,,
lxxxi.quest,available,52,1%,5,Mathematics,,,
lxxiv.quest,available,52,1%,5,Mathematics,,,
lxxv.quest,available,52,1%,4,Mathematics,,,
sixtyfour.quest,available,52,3%,10,Mathematics,,,
abusive.quest,available,52,3%,7,"Healthcare,Law",,,
sixtysix.quest,available,52,4%,9,Mathematics,,,
repulsive.quest,available,52,1%,9,Humanities,,,
lxv.quest,available,52,5%,3,Mathematics,,,
uphill.quest,available,52,7%,6,"Sports,Transportation,Travel",,,
xcviii.quest,available,52,1%,6,Mathematics,,,
lxviii.quest,available,52,1%,6,Mathematics,,,
lxxxii.quest,available,52,1%,6,Mathematics,,,
lxxi.quest,available,52,1%,4,Mathematics,,,
littlejoe.quest,available,52,2%,10,"Entertainment,Media",,,
odious.quest,available,52,2%,6,"Entertainment,Humanities",,,
abysmal.quest,available,52,4%,7,"Arts,Entertainment,Media",,,
xciv.quest,available,52,2%,4,Mathematics,,,
xcv.quest,available,52,7%,3,Mathematics,,,
detestable.quest,available,52,1%,10,Humanities,,,
xcvi.quest,available,52,2%,4,Mathematics,,,
eightyone.quest,available,52,3%,10,Mathematics,,,
ablated.quest,available,52,1%,7,Science,,,
ixc.quest,available,52,5%,3,Mathematics,,,
abstruse.quest,available,52,5%,8,"Humanities,Mathematics,Science",,,
lxiv.quest,available,52,3%,4,Mathematics,,,
adenoidal.quest,available,52,1%,9,"Health and Fitness,Medicine,Science",,,
lxxvii.quest,available,52,2%,6,Mathematics,,,
decumbent.quest,available,52,1%,9,"Healthcare,Medicine,Science",,,
xcvii.quest,available,52,1%,5,Mathematics,,,
aboulic.quest,available,52,1%,7,Medicine,,,
repugnant.quest,available,52,1%,9,Humanities,,,
lxvii.quest,available,52,1%,5,Mathematics,,,
lxxvi.quest,available,52,1%,5,Mathematics,,,
ninetytwo.quest,available,52,4%,10,Mathematics,,,
lxxxiv.quest,available,52,1%,6,Mathematics,,,
ninetysix.quest,available,52,4%,10,Mathematics,,,
xci.quest,available,52,4%,3,Mathematics,,,
lxxiii.quest,available,52,1%,6,Mathematics,,,
lxxxvii.quest,available,52,1%,7,Mathematics,,,
acellular.quest,available,50,1%,9,Science,,,
abomasal.quest,available,50,0%,8,Agriculture,,,
abdicable.quest,available,50,0%,9,Law,,,
scummy.quest,available,50,1%,6,Humanities,,,
aborticide.quest,available,50,0%,10,Medicine,,,
acapnotic.quest,available,50,0%,9,"Healthcare,Medicine,Science",,,
needlelike.quest,available,50,0%,10,"Engineering,Medicine,Science",,,
abducting.quest,available,50,0%,9,Medicine,,,
broached.quest,available,50,0%,8,Food and Beverage,,,
acerb.quest,available,50,2%,5,Science,,,
spinous.quest,available,50,1%,7,"Agriculture,Science",,,
acquitted.quest,available,50,1%,9,Law,,,
adactylous.quest,available,50,0%,10,Science,,,
adhominem.quest,available,50,2%,10,"Humanities,Law,Politics",,,
cinque.quest,available,50,7%,6,Mathematics,,,
acerbic.quest,available,50,2%,7,"Arts,Humanities,Media",,,
acetose.quest,available,50,1%,7,Science,,,
ogdoad.quest,available,50,1%,6,Mathematics,,,
trine.quest,available,50,11%,5,"General,Religion",,,
abbatial.quest,available,50,0%,8,Religion,,,
acetous.quest,available,50,1%,7,Science,,,
abactinal.quest,available,50,0%,9,Science,,,
triplet.quest,available,50,8%,7,Science,,,
vinegary.quest,available,50,1%,8,Food and Beverage,,,
acerose.quest,available,50,1%,7,Science,,,
quint.quest,available,50,13%,5,"Arts,Entertainment",,,
abranchial.quest,available,50,0%,10,Science,,,
acaudal.quest,available,50,1%,7,"Agriculture,Science",,,
gillless.quest,available,50,0%,9,Science,,,
acapnic.quest,available,50,0%,7,"Healthcare,Medicine,Science",,,
aculeated.quest,available,50,0%,9,"Engineering,Medicine,Science",,,
abyssal.quest,available,48,12%,7,"Arts,Entertainment,Media",,,
ilxx.quest,available,48,1%,4,Mathematics,,,
lxxxviii.quest,available,48,1%,8,Mathematics,,,
abstracted.quest,available,48,5%,10,"Arts,Humanities,Science",,,
notguilty.quest,available,48,5%,10,Law,,,
execrable.quest,available,48,0%,9,"Entertainment,Humanities",,,
ilxxx.quest,available,48,1%,5,Mathematics,,,
achromic.quest,available,46,2%,8,Science,,,
vinegarish.quest,available,46,1%,10,Food and Beverage,,,
stemless.quest,available,46,2%,8,"Agriculture,Science",,,
acaudate.quest,available,46,1%,8,"Agriculture,Science",,,
acanthous.quest,available,46,0%,9,"Agriculture,Science",,,
cotyloid.quest,available,46,1%,8,Science,,,
acetonic.quest,available,46,1%,8,Science,,,
acarpous.quest,available,46,0%,8,"Agriculture,Science",,,
acarpelous.quest,available,46,0%,10,"Agriculture,Science",,,
acheronian.quest,available,46,1%,10,Humanities,,,
acapnial.quest,available,46,0%,8,"Healthcare,Medicine,Science",,,
quaternary.quest,available,46,3%,10,Mathematics,,,
acanthoid.quest,available,46,1%,9,"Agriculture,Science",,,
theabsurd.quest,available,46,1%,10,"Arts,Entertainment,Media",,,
achenial.quest,available,46,1%,8,Science,,,
acetabular.quest,available,46,1%,10,Science,,,
acephalous.quest,available,46,1%,10,Science,,,
achromous.quest,available,46,1%,9,Science,,,
stripling.quest,available,46,2%,9,"Education,Entertainment,Healthcare",,,
acanthotic.quest,available,46,0%,10,"Agriculture,Science",,,
acetylic.quest,available,46,1%,8,Science,,,
acetylenic.quest,available,46,1%,10,Science,,,
acicular.quest,available,46,2%,8,Science,,,
acherontic.quest,available,44,1%,10,Humanities,,,
accusatory.quest,available,44,1%,10,Law,,,
cotyloidal.quest,available,44,1%,10,Science,,,
abscessed.quest,available,41,0%,9,Healthcare,,,
accurst.quest,available,40,1%,7,Religion,,,
accusive.quest,available,40,1%,8,Law,,,
scurrilous.quest,available,40,1%,10,"Entertainment,Media,Politics",,,